<?xml version="1.0" encoding="UTF-8"?>
<project-private xmlns="http://www.netbeans.org/ns/project-private/1">
    <editor-bookmarks xmlns="http://www.netbeans.org/ns/editor-bookmarks/2" lastBookmarkId="0"/>
    <open-files xmlns="http://www.netbeans.org/ns/projectui-open-files/2">
        <group>
            <file>file:/D:/Proyectos2023/sistemaControlMedico/src/Vista/vistaControlDatos.java</file>
            <file>file:/D:/Proyectos2023/sistemaControlMedico/src/Vista/loginInMedico.java</file>
            <file>file:/D:/Proyectos2023/sistemaControlMedico/src/Vista/Citas/vistaCitas.java</file>
            <file>file:/D:/Proyectos2023/sistemaControlMedico/src/Vista/Recetas/vistaRecetasMedicas.java</file>
            <file>file:/D:/Proyectos2023/sistemaControlMedico/src/Vista/Citas/vistaPaciente.java</file>
            <file>file:/D:/Proyectos2023/sistemaControlMedico/src/Vista/vistaPrincipal.java</file>
            <file>file:/D:/Proyectos2023/sistemaControlMedico/src/Controlador/controladorBD.java</file>
            <file>file:/D:/Proyectos2023/sistemaControlMedico/src/Vista/vistaConfig.java</file>
            <file>file:/D:/Proyectos2023/sistemaControlMedico/src/Vista/vistaConfiguracion.java</file>
        </group>
    </open-files>
</project-private>
